id,name,acronym,parent_structure_id,depth,count,volume (mm^3),density (cells/mm^3)
0,root,root,-1.0,0.0,3091451.0,250.9855625,12317.24633563335
1,Basic cell groups and regions,grey,0.0,1.0,2902221.0,224.5929375,12922.138301877814
2,Cerebrum,CH,1.0,2.0,2350993.0,137.89371875,17049.311754818416
3,Cerebral cortex,CTX,2.0,3.0,2211795.0,110.753453125,19970.438280634877
4,Cortical plate,CTXpl,3.0,4.0,2169126.0,106.300359375,20405.631860075733
5,Isocortex,Isocortex,4.0,5.0,1370653.0,61.627640625,22240.880651919328
6,"Frontal pole, cerebral cortex",FRP,5.0,6.0,8125.0,0.4861875,16711.659596349145
7,"Frontal pole, layer 1",FRP1,6.0,7.0,2359.0,0.12675,18611.439842209074
8,"Frontal pole, layer 2/3",FRP2/3,6.0,7.0,2573.0,0.11703125,21985.58077436582
9,"Frontal pole, layer 5",FRP5,6.0,7.0,2648.0,0.185796875,14252.123454713648
10,"Frontal pole, layer 6a",FRP6a,6.0,7.0,537.0,0.05609375,9573.259052924792
11,"Frontal pole, layer 6b",FRP6b,6.0,7.0,8.0,0.000515625,15515.151515151514
12,Somatomotor areas,MO,5.0,6.0,241441.0,12.231046875,19740.01101193556
18,Primary motor area,MOp,12.0,7.0,128828.0,5.676734375,22694.033486462013
19,"Primary motor area, Layer 1",MOp1,18.0,8.0,7686.0,0.664609375,11564.687904078995
20,"Primary motor area, Layer 2/3",MOp2/3,18.0,8.0,50838.0,1.8444375,27562.87486022161
21,"Primary motor area, Layer 5",MOp5,18.0,8.0,43128.0,1.636203125,26358.585520975583
22,"Primary motor area, Layer 6a",MOp6a,18.0,8.0,26231.0,1.437953125,18241.90200914929
23,"Primary motor area, Layer 6b",MOp6b,18.0,8.0,945.0,0.09353125,10103.575008352824
24,Secondary motor area,MOs,12.0,7.0,112613.0,6.5543125,17181.512172329287
25,"Secondary motor area, layer 1",MOs1,24.0,8.0,18271.0,1.1643125,15692.522411294218
26,"Secondary motor area, layer 2/3",MOs2/3,24.0,8.0,36385.0,1.901640625,19133.478493077524
27,"Secondary motor area, layer 5",MOs5,24.0,8.0,42006.0,2.26159375,18573.627557999756
28,"Secondary motor area, layer 6a",MOs6a,24.0,8.0,15586.0,1.189171875,13106.599918535743
29,"Secondary motor area, layer 6b",MOs6b,24.0,8.0,365.0,0.03759375,9709.06068162926
30,Somatosensory areas,SS,5.0,6.0,450115.0,16.666171875,27007.701791146927
37,Primary somatosensory area,SSp,30.0,7.0,336933.0,12.1535,27723.12502571276
44,"Primary somatosensory area, nose",SSp-n,37.0,8.0,57741.0,1.509703125,38246.59235569908
45,"Primary somatosensory area, nose, layer 1",SSp-n1,44.0,9.0,4921.0,0.2028125,24263.790446841293
46,"Primary somatosensory area, nose, layer 2/3",SSp-n2/3,44.0,9.0,9062.0,0.3201875,28302.166699199686
47,"Primary somatosensory area, nose, layer 4",SSp-n4,44.0,9.0,17304.0,0.274109375,63128.085276178535
48,"Primary somatosensory area, nose, layer 5",SSp-n5,44.0,9.0,11457.0,0.283515625,40410.471204188485
49,"Primary somatosensory area, nose, layer 6a",SSp-n6a,44.0,9.0,14507.0,0.402328125,36057.63330614781
50,"Primary somatosensory area, nose, layer 6b",SSp-n6b,44.0,9.0,490.0,0.02675,18317.757009345794
51,"Primary somatosensory area, barrel field",SSp-bfd,37.0,8.0,76811.0,3.145734375,24417.509822328848
52,"Primary somatosensory area, barrel field, layer 1",SSp-bfd1,51.0,9.0,9289.0,0.419375,22149.62742175857
53,"Primary somatosensory area, barrel field, layer 2/3",SSp-bfd2/3,51.0,9.0,15956.0,0.75821875,21044.058855046776
54,"Primary somatosensory area, barrel field, layer 4",SSp-bfd4,51.0,9.0,21943.0,0.641265625,34218.26953534271
55,"Primary somatosensory area, barrel field, layer 5",SSp-bfd5,51.0,9.0,13112.0,0.603984375,21709.17087052128
56,"Primary somatosensory area, barrel field, layer 6a",SSp-bfd6a,51.0,9.0,15426.0,0.648828125,23775.171583383504
57,"Primary somatosensory area, barrel field, layer 6b",SSp-bfd6b,51.0,9.0,1085.0,0.0740625,14649.789029535865
65,"Primary somatosensory area, lower limb",SSp-ll,37.0,8.0,14820.0,1.176484375,12596.852380636165
66,"Primary somatosensory area, lower limb, layer 1",SSp-ll1,65.0,9.0,2725.0,0.149265625,18256.04522139642
67,"Primary somatosensory area, lower limb, layer 2/3",SSp-ll2/3,65.0,9.0,3536.0,0.32325,10938.901778808971
68,"Primary somatosensory area, lower limb, layer 4",SSp-ll4,65.0,9.0,2043.0,0.1366875,14946.50205761317
69,"Primary somatosensory area, lower limb, layer 5",SSp-ll5,65.0,9.0,3665.0,0.278,13183.45323741007
70,"Primary somatosensory area, lower limb, layer 6a",SSp-ll6a,65.0,9.0,2698.0,0.263890625,10223.932737284624
71,"Primary somatosensory area, lower limb, layer 6b",SSp-ll6b,65.0,9.0,153.0,0.025390625,6025.846153846154
72,"Primary somatosensory area, mouth",SSp-m,37.0,8.0,103854.0,3.105328125,33443.80877624647
73,"Primary somatosensory area, mouth, layer 1",SSp-m1,72.0,9.0,5499.0,0.3904375,14084.200416199776
74,"Primary somatosensory area, mouth, layer 2/3",SSp-m2/3,72.0,9.0,26403.0,0.7490625,35248.06007509387
75,"Primary somatosensory area, mouth, layer 4",SSp-m4,72.0,9.0,24577.0,0.4736875,51884.41746932313
76,"Primary somatosensory area, mouth, layer 5",SSp-m5,72.0,9.0,17350.0,0.60871875,28502.489860875816
77,"Primary somatosensory area, mouth, layer 6a",SSp-m6a,72.0,9.0,29069.0,0.82609375,35188.500094571595
78,"Primary somatosensory area, mouth, layer 6b",SSp-m6b,72.0,9.0,956.0,0.057328125,16675.93349686563
79,"Primary somatosensory area, upper limb",SSp-ul,37.0,8.0,53301.0,1.88471875,28280.612160302437
80,"Primary somatosensory area, upper limb, layer 1",SSp-ul1,79.0,9.0,4302.0,0.230640625,18652.394824198906
81,"Primary somatosensory area, upper limb, layer 2/3",SSp-ul2/3,79.0,9.0,14558.0,0.4891875,29759.550274690177
82,"Primary somatosensory area, upper limb, layer 4",SSp-ul4,79.0,9.0,13680.0,0.261640625,52285.45834577485
83,"Primary somatosensory area, upper limb, layer 5",SSp-ul5,79.0,9.0,9925.0,0.395625,25086.887835703
84,"Primary somatosensory area, upper limb, layer 6a",SSp-ul6a,79.0,9.0,10498.0,0.470546875,22310.210858376227
85,"Primary somatosensory area, upper limb, layer 6b",SSp-ul6b,79.0,9.0,338.0,0.037078125,9115.887062789718
86,"Primary somatosensory area, trunk",SSp-tr,37.0,8.0,10973.0,0.700375,15667.321077993933
87,"Primary somatosensory area, trunk, layer 1",SSp-tr1,86.0,9.0,1428.0,0.10228125,13961.503208065997
88,"Primary somatosensory area, trunk, layer 2/3",SSp-tr2/3,86.0,9.0,2429.0,0.21225,11444.051825677268
89,"Primary somatosensory area, trunk, layer 4",SSp-tr4,86.0,9.0,1492.0,0.07596875,19639.654463183877
90,"Primary somatosensory area, trunk, layer 5",SSp-tr5,86.0,9.0,3315.0,0.17646875,18785.195679121654
91,"Primary somatosensory area, trunk, layer 6a",SSp-tr6a,86.0,9.0,2133.0,0.11621875,18353.320785157302
92,"Primary somatosensory area, trunk, layer 6b",SSp-tr6b,86.0,9.0,176.0,0.0171875,10240.0
93,"Primary somatosensory area, unassigned",SSp-un,37.0,8.0,19433.0,0.63115625,30789.523196514336
94,"Primary somatosensory area, unassigned, layer 1",SSp-un1,93.0,9.0,2118.0,0.08315625,25470.124013528748
95,"Primary somatosensory area, unassigned, layer 2/3",SSp-un2/3,93.0,9.0,4461.0,0.165390625,26972.50826641473
96,"Primary somatosensory area, unassigned, layer 4",SSp-un4,93.0,9.0,4530.0,0.09409375,48143.47392892726
97,"Primary somatosensory area, unassigned, layer 5",SSp-un5,93.0,9.0,3661.0,0.129125,28352.37173281704
98,"Primary somatosensory area, unassigned, layer 6a",SSp-un6a,93.0,9.0,4540.0,0.146953125,30894.205209994685
99,"Primary somatosensory area, unassigned, layer 6b",SSp-un6b,93.0,9.0,123.0,0.0124375,9889.447236180904
100,Supplemental somatosensory area,SSs,30.0,7.0,113182.0,4.512671875,25080.928357991907
101,"Supplemental somatosensory area, layer 1",SSs1,100.0,8.0,10821.0,0.624,17341.346153846152
102,"Supplemental somatosensory area, layer 2/3",SSs2/3,100.0,8.0,22845.0,1.072484375,21301.00963009368
103,"Supplemental somatosensory area, layer 4",SSs4,100.0,8.0,21867.0,0.5831875,37495.65962919301
104,"Supplemental somatosensory area, layer 5",SSs5,100.0,8.0,32028.0,1.092734375,29309.959247873023
105,"Supplemental somatosensory area, layer 6a",SSs6a,100.0,8.0,23800.0,1.037703125,22935.268697393585
106,"Supplemental somatosensory area, layer 6b",SSs6b,100.0,8.0,1821.0,0.1025625,17755.027422303472
107,Gustatory areas,GU,5.0,6.0,19284.0,0.884859375,21793.29342586216
108,"Gustatory areas, layer 1",GU1,107.0,7.0,1079.0,0.0978125,11031.309904153355
109,"Gustatory areas, layer 2/3",GU2/3,107.0,7.0,5691.0,0.20109375,28300.2331002331
110,"Gustatory areas, layer 4",GU4,107.0,7.0,1863.0,0.0735,25346.938775510207
111,"Gustatory areas, layer 5",GU5,107.0,7.0,6844.0,0.272515625,25114.156298377387
112,"Gustatory areas, layer 6a",GU6a,107.0,7.0,3649.0,0.219875,16595.793064241047
113,"Gustatory areas, layer 6b",GU6b,107.0,7.0,158.0,0.0200625,7875.389408099688
114,Visceral area,VISC,5.0,6.0,23700.0,1.177078125,20134.602365497198
115,"Visceral area, layer 1",VISC1,114.0,7.0,2702.0,0.171578125,15747.928239686731
116,"Visceral area, layer 2/3",VISC2/3,114.0,7.0,3839.0,0.268859375,14278.840006973904
117,"Visceral area, layer 4",VISC4,114.0,7.0,2564.0,0.09134375,28069.79131029764
118,"Visceral area, layer 5",VISC5,114.0,7.0,8684.0,0.35340625,24572.287558581666
119,"Visceral area, layer 6a",VISC6a,114.0,7.0,5513.0,0.267125,20638.27795975667
120,"Visceral area, layer 6b",VISC6b,114.0,7.0,398.0,0.024765625,16070.662460567824
121,Auditory areas,AUD,5.0,6.0,50895.0,2.903578125,17528.372858918683
122,Dorsal auditory area,AUDd,121.0,7.0,12084.0,0.607375,19895.45173904096
123,"Dorsal auditory area, layer 1",AUDd1,122.0,8.0,2174.0,0.098125,22155.414012738853
124,"Dorsal auditory area, layer 2/3",AUDd2/3,122.0,8.0,2715.0,0.164,16554.878048780487
125,"Dorsal auditory area, layer 4",AUDd4,122.0,8.0,1732.0,0.06609375,26205.200945626475
126,"Dorsal auditory area, layer 5",AUDd5,122.0,8.0,3691.0,0.17165625,21502.275623520844
127,"Dorsal auditory area, layer 6a",AUDd6a,122.0,8.0,1445.0,0.092265625,15661.303979678238
128,"Dorsal auditory area, layer 6b",AUDd6b,122.0,8.0,327.0,0.015234375,21464.615384615387
136,Primary auditory area,AUDp,121.0,7.0,19814.0,1.07671875,18402.2057756494
137,"Primary auditory area, layer 1",AUDp1,136.0,8.0,3494.0,0.18984375,18404.60905349794
138,"Primary auditory area, layer 2/3",AUDp2/3,136.0,8.0,3756.0,0.235625,15940.583554376655
139,"Primary auditory area, layer 4",AUDp4,136.0,8.0,3208.0,0.117375,27331.203407880726
140,"Primary auditory area, layer 5",AUDp5,136.0,8.0,6831.0,0.3574375,19111.033397447107
141,"Primary auditory area, layer 6a",AUDp6a,136.0,8.0,1994.0,0.149203125,13364.331343596188
142,"Primary auditory area, layer 6b",AUDp6b,136.0,8.0,531.0,0.027234375,19497.418244406195
143,Posterior auditory area,AUDpo,121.0,7.0,5340.0,0.306625,17415.40970240522
144,"Posterior auditory area, layer 1",AUDpo1,143.0,8.0,509.0,0.056703125,8976.577569578396
145,"Posterior auditory area, layer 2/3",AUDpo2/3,143.0,8.0,1474.0,0.073265625,20118.575389208785
146,"Posterior auditory area, layer 4",AUDpo4,143.0,8.0,1024.0,0.0373125,27443.88609715243
147,"Posterior auditory area, layer 5",AUDpo5,143.0,8.0,1481.0,0.0906875,16330.806340454856
148,"Posterior auditory area, layer 6a",AUDpo6a,143.0,8.0,647.0,0.039578125,16347.414133438611
149,"Posterior auditory area, layer 6b",AUDpo6b,143.0,8.0,205.0,0.009078125,22581.755593803788
150,Ventral auditory area,AUDv,121.0,7.0,13657.0,0.912859375,14960.683292538895
151,"Ventral auditory area, layer 1",AUDv1,150.0,8.0,2175.0,0.145921875,14905.236106649534
152,"Ventral auditory area, layer 2/3",AUDv2/3,150.0,8.0,2726.0,0.19434375,14026.692394275606
153,"Ventral auditory area, layer 4",AUDv4,150.0,8.0,2117.0,0.10675,19831.38173302108
154,"Ventral auditory area, layer 5",AUDv5,150.0,8.0,4579.0,0.30221875,15151.277013752457
155,"Ventral auditory area, layer 6a",AUDv6a,150.0,8.0,1758.0,0.141671875,12408.955553104664
156,"Ventral auditory area, layer 6b",AUDv6b,150.0,8.0,302.0,0.021953125,13756.58362989324
157,Visual areas,VIS,5.0,6.0,206558.0,6.73221875,30682.009552942705
164,Anterolateral visual area,VISal,157.0,7.0,9356.0,0.37953125,24651.46150679292
165,"Anterolateral visual area, layer 1",VISal1,164.0,8.0,690.0,0.058921875,11710.421638822594
166,"Anterolateral visual area, layer 2/3",VISal2/3,164.0,8.0,1962.0,0.099625,19693.85194479297
167,"Anterolateral visual area, layer 4",VISal4,164.0,8.0,1976.0,0.051671875,38241.30631992743
168,"Anterolateral visual area, layer 5",VISal5,164.0,8.0,3129.0,0.101765625,30747.121142330725
169,"Anterolateral visual area, layer 6a",VISal6a,164.0,8.0,1341.0,0.0563125,23813.54051054384
170,"Anterolateral visual area, layer 6b",VISal6b,164.0,8.0,258.0,0.011234375,22965.229485396383
171,Anteromedial visual area,VISam,157.0,7.0,7819.0,0.3951875,19785.54483631188
172,"Anteromedial visual area, layer 1",VISam1,171.0,8.0,1187.0,0.066859375,17753.68076653424
173,"Anteromedial visual area, layer 2/3",VISam2/3,171.0,8.0,1837.0,0.104,17663.46153846154
174,"Anteromedial visual area, layer 4",VISam4,171.0,8.0,593.0,0.030171875,19654.0652511652
175,"Anteromedial visual area, layer 5",VISam5,171.0,8.0,2616.0,0.11375,22997.8021978022
176,"Anteromedial visual area, layer 6a",VISam6a,171.0,8.0,1365.0,0.067796875,20133.671352846275
177,"Anteromedial visual area, layer 6b",VISam6b,171.0,8.0,221.0,0.012609375,17526.641883519205
178,Lateral visual area,VISl,157.0,7.0,18035.0,0.61309375,29416.38207859728
179,"Lateral visual area, layer 1",VISl1,178.0,8.0,1796.0,0.0928125,19350.841750841748
180,"Lateral visual area, layer 2/3",VISl2/3,178.0,8.0,4762.0,0.150609375,31618.217657433343
181,"Lateral visual area, layer 4",VISl4,178.0,8.0,4189.0,0.089640625,46731.04409970368
182,"Lateral visual area, layer 5",VISl5,178.0,8.0,4631.0,0.157,29496.815286624205
183,"Lateral visual area, layer 6a",VISl6a,178.0,8.0,2231.0,0.10353125,21549.04920012073
184,"Lateral visual area, layer 6b",VISl6b,178.0,8.0,426.0,0.0195,21846.153846153848
185,Primary visual area,VISp,157.0,7.0,127105.0,3.537703125,35928.67900694748
186,"Primary visual area, layer 1",VISp1,185.0,8.0,13457.0,0.630546875,21341.79159955396
187,"Primary visual area, layer 2/3",VISp2/3,185.0,8.0,30896.0,0.99971875,30904.69194460942
188,"Primary visual area, layer 4",VISp4,185.0,8.0,31569.0,0.5121875,61635.63148261135
189,"Primary visual area, layer 5",VISp5,185.0,8.0,33171.0,0.776203125,42734.94776254605
190,"Primary visual area, layer 6a",VISp6a,185.0,8.0,15309.0,0.534015625,28667.700500336483
191,"Primary visual area, layer 6b",VISp6b,185.0,8.0,2703.0,0.08503125,31788.313120176404
192,Posterolateral visual area,VISpl,157.0,7.0,6478.0,0.397140625,16311.602470787268
193,"Posterolateral visual area, layer 1",VISpl1,192.0,8.0,1485.0,0.0949375,15641.869651086245
194,"Posterolateral visual area, layer 2/3",VISpl2/3,192.0,8.0,1455.0,0.104203125,13963.112910481332
195,"Posterolateral visual area, layer 4",VISpl4,192.0,8.0,527.0,0.0181875,28975.945017182134
196,"Posterolateral visual area, layer 5",VISpl5,192.0,8.0,2208.0,0.121671875,18147.16835751894
197,"Posterolateral visual area, layer 6a",VISpl6a,192.0,8.0,768.0,0.05375,14288.372093023256
198,"Posterolateral visual area, layer 6b",VISpl6b,192.0,8.0,35.0,0.004390625,7971.530249110319
199,posteromedial visual area,VISpm,157.0,7.0,12068.0,0.522125,23113.239166866173
200,"posteromedial visual area, layer 1",VISpm1,199.0,8.0,1574.0,0.0939375,16755.821689953427
201,"posteromedial visual area, layer 2/3",VISpm2/3,199.0,8.0,2550.0,0.14671875,17380.191693290733
202,"posteromedial visual area, layer 4",VISpm4,199.0,8.0,1432.0,0.049328125,29030.091859360156
203,"posteromedial visual area, layer 5",VISpm5,199.0,8.0,4614.0,0.14246875,32386.04957227462
204,"posteromedial visual area, layer 6a",VISpm6a,199.0,8.0,1637.0,0.075359375,21722.579307484964
205,"posteromedial visual area, layer 6b",VISpm6b,199.0,8.0,261.0,0.0143125,18235.807860262008
206,Laterointermediate area,VISli,157.0,7.0,7994.0,0.246234375,32465.0041246272
207,"Laterointermediate area, layer 1",VISli1,206.0,8.0,812.0,0.03734375,21743.933054393303
208,"Laterointermediate area, layer 2/3",VISli2/3,206.0,8.0,1974.0,0.05871875,33617.88185204896
209,"Laterointermediate area, layer 4",VISli4,206.0,8.0,1574.0,0.02853125,55167.579408543264
210,"Laterointermediate area, layer 5",VISli5,206.0,8.0,2405.0,0.07396875,32513.73046049852
211,"Laterointermediate area, layer 6a",VISli6a,206.0,8.0,982.0,0.03984375,24646.274509803923
212,"Laterointermediate area, layer 6b",VISli6b,206.0,8.0,247.0,0.007828125,31552.894211576848
213,Postrhinal area,VISpor,157.0,7.0,17703.0,0.641203125,27609.03574822721
214,"Postrhinal area, layer 1",VISpor1,213.0,8.0,3121.0,0.12509375,24949.28803397452
215,"Postrhinal area, layer 2/3",VISpor2/3,213.0,8.0,5800.0,0.186953125,31023.81947346427
216,"Postrhinal area, layer 4",VISpor4,213.0,8.0,1699.0,0.03025,56165.289256198346
217,"Postrhinal area, layer 5",VISpor5,213.0,8.0,4890.0,0.192390625,25417.038901973523
218,"Postrhinal area, layer 6a",VISpor6a,213.0,8.0,1852.0,0.090234375,20524.329004329004
219,"Postrhinal area, layer 6b",VISpor6b,213.0,8.0,341.0,0.01628125,20944.33781190019
220,Anterior cingulate area,ACA,5.0,6.0,43513.0,2.754296875,15798.22436533825
226,"Anterior cingulate area, dorsal part",ACAd,220.0,7.0,22286.0,1.556421875,14318.739898204012
227,"Anterior cingulate area, dorsal part, layer 1",ACAd1,226.0,8.0,978.0,0.289625,3376.780319378506
228,"Anterior cingulate area, dorsal part, layer 2/3",ACAd2/3,226.0,8.0,6365.0,0.304125,20928.894369091657
229,"Anterior cingulate area, dorsal part, layer 5",ACAd5,226.0,8.0,11545.0,0.600515625,19225.14505763276
230,"Anterior cingulate area, dorsal part, layer 6a",ACAd6a,226.0,8.0,3340.0,0.349875,9546.266523758486
231,"Anterior cingulate area, dorsal part, layer 6b",ACAd6b,226.0,8.0,58.0,0.01228125,4722.646310432569
232,"Anterior cingulate area, ventral part",ACAv,220.0,7.0,21227.0,1.197875,17720.546801627883
233,"Anterior cingulate area, ventral part, layer 1",ACAv1,232.0,8.0,939.0,0.23403125,4012.2846842034983
234,"Anterior cingulate area, ventral part, layer 2/3",ACAv2/3,232.0,8.0,7153.0,0.24753125,28897.36144426209
235,"Anterior cingulate area, ventral part, layer 5",ACAv5,232.0,8.0,11057.0,0.504171875,21931.0131093687
236,"Anterior cingulate area, ventral part, 6a",ACAv6a,232.0,8.0,1939.0,0.181234375,10698.853349426674
237,"Anterior cingulate area, ventral part, 6b",ACAv6b,232.0,8.0,139.0,0.03090625,4497.47219413549
238,Prelimbic area,PL,5.0,6.0,21492.0,1.198703125,17929.3768004484
239,"Prelimbic area, layer 1",PL1,238.0,7.0,2614.0,0.25490625,10254.750521024887
241,"Prelimbic area, layer 2/3",PL2/3,238.0,7.0,3485.0,0.20753125,16792.651709079957
242,"Prelimbic area, layer 5",PL5,238.0,7.0,12447.0,0.494078125,25192.372157743277
243,"Prelimbic area, layer 6a",PL6a,238.0,7.0,2906.0,0.231484375,12553.763077961528
244,"Prelimbic area, layer 6b",PL6b,238.0,7.0,40.0,0.010703125,3737.2262773722623
245,Infralimbic area,ILA,5.0,6.0,6389.0,0.419796875,15219.265269661666
246,"Infralimbic area, layer 1",ILA1,245.0,7.0,366.0,0.073140625,5004.058961760307
248,"Infralimbic area, layer 2/3",ILA2/3,245.0,7.0,890.0,0.0715625,12436.681222707424
249,"Infralimbic area, layer 5",ILA5,245.0,7.0,3529.0,0.167359375,21086.35981701055
250,"Infralimbic area, layer 6a",ILA6a,245.0,7.0,1590.0,0.102421875,15524.027459954234
251,"Infralimbic area, layer 6b",ILA6b,245.0,7.0,14.0,0.0053125,2635.2941176470586
252,Orbital area,ORB,5.0,6.0,51004.0,2.946921875,17307.55078127071
258,"Orbital area, lateral part",ORBl,252.0,7.0,24276.0,1.36346875,17804.588480667415
259,"Orbital area, lateral part, layer 1",ORBl1,258.0,8.0,3512.0,0.18784375,18696.389951755114
260,"Orbital area, lateral part, layer 2/3",ORBl2/3,258.0,8.0,7820.0,0.31075,25164.923572003216
261,"Orbital area, lateral part, layer 5",ORBl5,258.0,8.0,10178.0,0.603515625,16864.51779935275
262,"Orbital area, lateral part, layer 6a",ORBl6a,258.0,8.0,2610.0,0.2386875,10934.799685781618
263,"Orbital area, lateral part, layer 6b",ORBl6b,258.0,8.0,156.0,0.022671875,6880.771881461061
264,"Orbital area, medial part",ORBm,252.0,7.0,10986.0,0.694828125,15811.104364838426
265,"Orbital area, medial part, layer 1",ORBm1,264.0,8.0,1797.0,0.205578125,8741.20240176332
267,"Orbital area, medial part, layer 2/3",ORBm2/3,264.0,8.0,3019.0,0.158234375,19079.29297916461
268,"Orbital area, medial part, layer 5",ORBm5,264.0,8.0,5028.0,0.2359375,21310.728476821198
269,"Orbital area, medial part, layer 6a",ORBm6a,264.0,8.0,1129.0,0.093203125,12113.32774518022
270,"Orbital area, medial part, layer 6b",ORBm6b,264.0,8.0,13.0,0.001875,6933.333333333334
272,"Orbital area, ventrolateral part",ORBvl,252.0,7.0,15742.0,0.888625,17715.00914333943
273,"Orbital area, ventrolateral part, layer 1",ORBvl1,272.0,8.0,2480.0,0.19271875,12868.493594940814
274,"Orbital area, ventrolateral part, layer 2/3",ORBvl2/3,272.0,8.0,6140.0,0.26178125,23454.69738569893
275,"Orbital area, ventrolateral part, layer 5",ORBvl5,272.0,8.0,5694.0,0.309953125,18370.51973584716
276,"Orbital area, ventrolateral part, layer 6a",ORBvl6a,272.0,8.0,1399.0,0.119,11756.302521008403
277,"Orbital area, ventrolateral part, layer 6b",ORBvl6b,272.0,8.0,29.0,0.005171875,5607.250755287008
278,Agranular insular area,AI,5.0,6.0,63770.0,3.94978125,16145.197914441464
279,"Agranular insular area, dorsal part",AId,278.0,7.0,32109.0,1.86365625,17229.035665777956
280,"Agranular insular area, dorsal part, layer 1",AId1,279.0,8.0,1264.0,0.23034375,5487.450820784154
281,"Agranular insular area, dorsal part, layer 2/3",AId2/3,279.0,8.0,8165.0,0.46315625,17629.03987585183
282,"Agranular insular area, dorsal part, layer 5",AId5,279.0,8.0,16851.0,0.75421875,22342.324425108764
283,"Agranular insular area, dorsal part, layer 6a",AId6a,279.0,8.0,5555.0,0.39071875,14217.387826921538
284,"Agranular insular area, dorsal part, layer 6b",AId6b,279.0,8.0,274.0,0.02521875,10864.931846344483
285,"Agranular insular area, posterior part",AIp,278.0,7.0,15704.0,1.217265625,12901.046145946986
286,"Agranular insular area, posterior part, layer 1",AIp1,285.0,8.0,1975.0,0.210953125,9362.26946152137
287,"Agranular insular area, posterior part, layer 2/3",AIp2/3,285.0,8.0,4249.0,0.40159375,10580.343942105672
288,"Agranular insular area, posterior part, layer 5",AIp5,285.0,8.0,6417.0,0.37634375,17050.90093830441
289,"Agranular insular area, posterior part, layer 6a",AIp6a,285.0,8.0,2960.0,0.218109375,13571.17272010889
290,"Agranular insular area, posterior part, layer 6b",AIp6b,285.0,8.0,103.0,0.010265625,10033.485540334856
291,"Agranular insular area, ventral part",AIv,278.0,7.0,15957.0,0.868859375,18365.457586275108
292,"Agranular insular area, ventral part, layer 1",AIv1,291.0,8.0,1655.0,0.12546875,13190.535491905355
293,"Agranular insular area, ventral part, layer 2/3",AIv2/3,291.0,8.0,5107.0,0.29709375,17189.86010308194
294,"Agranular insular area, ventral part, layer 5",AIv5,291.0,8.0,8000.0,0.3605625,22187.55416883342
295,"Agranular insular area, ventral part, layer 6a",AIv6a,291.0,8.0,1181.0,0.084234375,14020.40437766648
296,"Agranular insular area, ventral part, layer 6b",AIv6b,291.0,8.0,14.0,0.0015,9333.333333333334
297,Retrosplenial area,RSP,5.0,6.0,102678.0,5.243828125,19580.73330254317
298,"Retrosplenial area, lateral agranular part",RSPagl,297.0,7.0,21159.0,1.178046875,17961.084952583064
299,"Retrosplenial area, lateral agranular part, layer 1",RSPagl1,298.0,8.0,4475.0,0.253203125,17673.557543967912
300,"Retrosplenial area, lateral agranular part, layer 2/3",RSPagl2/3,298.0,8.0,6072.0,0.334421875,18156.707003691077
301,"Retrosplenial area, lateral agranular part, layer 5",RSPagl5,298.0,8.0,7072.0,0.366734375,19283.711814579696
302,"Retrosplenial area, lateral agranular part, layer 6a",RSPagl6a,298.0,8.0,3310.0,0.20546875,16109.505703422054
303,"Retrosplenial area, lateral agranular part, layer 6b",RSPagl6b,298.0,8.0,230.0,0.01821875,12624.356775300172
325,"Retrosplenial area, dorsal part",RSPd,297.0,7.0,33237.0,1.899359375,17499.058070566556
326,"Retrosplenial area, dorsal part, layer 1",RSPd1,325.0,8.0,7725.0,0.415375,18597.652723442672
327,"Retrosplenial area, dorsal part, layer 2/3",RSPd2/3,325.0,8.0,9204.0,0.486953125,18901.20327290229
329,"Retrosplenial area, dorsal part, layer 5",RSPd5,325.0,8.0,11387.0,0.603390625,18871.688634539198
330,"Retrosplenial area, dorsal part, layer 6a",RSPd6a,325.0,8.0,4739.0,0.37765625,12548.448489863466
331,"Retrosplenial area, dorsal part, layer 6b",RSPd6b,325.0,8.0,182.0,0.015984375,11386.119257087
332,"Retrosplenial area, ventral part",RSPv,297.0,7.0,48282.0,2.166421875,22286.517947941236
333,"Retrosplenial area, ventral part, layer 1",RSPv1,332.0,8.0,7447.0,0.46271875,16094.009590058757
335,"Retrosplenial area, ventral part, layer 2/3",RSPv2/3,332.0,8.0,16164.0,0.5099375,31698.002206152712
336,"Retrosplenial area, ventral part, layer 5",RSPv5,332.0,8.0,20515.0,0.8398125,24428.071742204364
337,"Retrosplenial area, ventral part, layer 6a",RSPv6a,332.0,8.0,3922.0,0.329203125,11913.617162656035
338,"Retrosplenial area, ventral part, layer 6b",RSPv6b,332.0,8.0,234.0,0.02475,9454.545454545454
339,Posterior parietal association areas,PTLp,5.0,6.0,34924.0,1.227125,28460.01833554039
346,Anterior area,VISa,339.0,7.0,20444.0,0.7190625,28431.46458061712
347,"Anterior area, layer 1",VISa1,346.0,8.0,1924.0,0.118875,16185.068349106205
348,"Anterior area, layer 2/3",VISa2/3,346.0,8.0,6084.0,0.2134375,28504.83162518301
349,"Anterior area, layer 4",VISa4,346.0,8.0,3530.0,0.077578125,45502.51762336354
350,"Anterior area, layer 5",VISa5,346.0,8.0,5704.0,0.177453125,32143.699920753723
351,"Anterior area, layer 6a",VISa6a,346.0,8.0,2773.0,0.1115625,24856.022408963585
352,"Anterior area, layer 6b",VISa6b,346.0,8.0,429.0,0.02015625,21283.72093023256
353,Rostrolateral visual area,VISrl,339.0,7.0,14480.0,0.5080625,28500.43055726412
354,"Rostrolateral area, layer 1",VISrl1,353.0,8.0,867.0,0.08478125,10226.317729450791
355,"Rostrolateral area, layer 2/3",VISrl2/3,353.0,8.0,3169.0,0.13790625,22979.37910718332
356,"Rostrolateral area, layer 4",VISrl4,353.0,8.0,3540.0,0.073390625,48235.04364487971
357,"Rostrolateral area, layer 5",VISrl5,353.0,8.0,4060.0,0.12178125,33338.465486271496
358,"Rostrolateral area, layer 6a",VISrl6a,353.0,8.0,2388.0,0.0756875,31550.784475639965
359,"Rostrolateral area, layer 6b",VISrl6b,353.0,8.0,456.0,0.014515625,31414.42411194833
360,Temporal association areas,TEa,5.0,6.0,26023.0,1.55525,16732.358141777848
361,"Temporal association areas, layer 1",TEa1,360.0,7.0,5644.0,0.267375,21108.92940626461
362,"Temporal association areas, layer 2/3",TEa2/3,360.0,7.0,6057.0,0.351671875,17223.441595947927
363,"Temporal association areas, layer 4",TEa4,360.0,7.0,3192.0,0.1561875,20436.974789915967
364,"Temporal association areas, layer 5",TEa5,360.0,7.0,6368.0,0.4753125,13397.501643655489
365,"Temporal association areas, layer 6a",TEa6a,360.0,7.0,4087.0,0.261359375,15637.472350092665
366,"Temporal association areas, layer 6b",TEa6b,360.0,7.0,675.0,0.04334375,15573.179524152849
367,Perirhinal area,PERI,5.0,6.0,7457.0,0.395078125,18874.747874233737
368,"Perirhinal area, layer 1",PERI1,367.0,7.0,2737.0,0.1113125,24588.433464345875
369,"Perirhinal area, layer 2/3",PERI2/3,367.0,7.0,3146.0,0.16634375,18912.643246289685
370,"Perirhinal area, layer 5",PERI5,367.0,7.0,1267.0,0.0840625,15072.118959107807
371,"Perirhinal area, layer 6a",PERI6a,367.0,7.0,278.0,0.026703125,10410.76653013458
372,"Perirhinal area, layer 6b",PERI6b,367.0,7.0,29.0,0.00665625,4356.807511737089
373,Ectorhinal area,ECT,5.0,6.0,13285.0,0.85571875,15524.960742066243
374,Ectorhinal area/Layer 1,ECT1,373.0,7.0,2862.0,0.132234375,21643.38886919532
375,Ectorhinal area/Layer 2/3,ECT2/3,373.0,7.0,3234.0,0.23665625,13665.39020203354
376,Ectorhinal area/Layer 5,ECT5,373.0,7.0,3994.0,0.26471875,15087.711014047927
377,Ectorhinal area/Layer 6a,ECT6a,373.0,7.0,2919.0,0.195265625,14948.86772825478
378,Ectorhinal area/Layer 6b,ECT6b,373.0,7.0,276.0,0.02684375,10281.722933643772
379,Olfactory areas,OLF,4.0,5.0,630666.0,23.352796875,27006.015740887568
380,Main olfactory bulb,MOB,379.0,6.0,379664.0,8.23196875,46120.6804265383
386,Accessory olfactory bulb,AOB,379.0,6.0,7336.0,0.325625,22528.982725527832
387,"Accessory olfactory bulb, glomerular layer",AOBgl,386.0,7.0,879.0,0.0773125,11369.442198868228
388,"Accessory olfactory bulb, granular layer",AOBgr,386.0,7.0,4657.0,0.110171875,42270.31626719614
389,"Accessory olfactory bulb, mitral layer",AOBmi,386.0,7.0,1800.0,0.138140625,13030.20020359688
390,Anterior olfactory nucleus,AON,379.0,6.0,43761.0,2.434671875,17974.085316938243
398,Taenia tecta,TT,379.0,6.0,12055.0,0.71946875,16755.41849454893
399,"Taenia tecta, dorsal part",TTd,398.0,7.0,5790.0,0.36028125,16070.778037991153
405,"Taenia tecta, ventral part",TTv,398.0,7.0,6265.0,0.3591875,17442.143727161998
410,Dorsal peduncular area,DP,379.0,6.0,4236.0,0.250140625,16934.474358173527
416,Piriform area,PIR,379.0,6.0,83037.0,5.782515625,14360.013078218011
421,Nucleus of the lateral olfactory tract,NLOT,379.0,6.0,1339.0,0.15934375,8403.216316924887
423,"Nucleus of the lateral olfactory tract, molecular layer",NLOT1,421.0,7.0,346.0,0.05571875,6209.758833426809
424,"Nucleus of the lateral olfactory tract, pyramidal layer",NLOT2,421.0,7.0,800.0,0.07475,10702.341137123747
425,"Nucleus of the lateral olfactory tract, layer 3",NLOT3,421.0,7.0,193.0,0.028875,6683.982683982684
426,Cortical amygdalar area,COA,379.0,6.0,18187.0,1.6323125,11141.86162269786
427,"Cortical amygdalar area, anterior part",COAa,426.0,7.0,5729.0,0.383734375,14929.598110672256
431,"Cortical amygdalar area, posterior part",COAp,426.0,7.0,12458.0,1.248578125,9977.749690272683
432,"Cortical amygdalar area, posterior part, lateral zone",COApl,431.0,8.0,5534.0,0.601015625,9207.747302742751
438,"Cortical amygdalar area, posterior part, medial zone",COApm,431.0,8.0,6924.0,0.6475625,10692.40420808802
444,Piriform-amygdalar area,PAA,379.0,6.0,5865.0,0.595578125,9847.57457302516
449,Postpiriform transition area,TR,379.0,6.0,8174.0,0.699453125,11686.272757734838
454,Hippocampal formation,HPF,4.0,5.0,167807.0,21.319921875,7870.901262390297
455,Hippocampal region,HIP,454.0,6.0,51881.0,11.863359375,4373.213215586331
456,Ammon's horn,CA,455.0,7.0,41924.0,8.473609375,4947.596489837012
457,Field CA1,CA1,456.0,8.0,28538.0,5.10415625,5591.129777815873
462,Field CA2,CA2,456.0,8.0,959.0,0.237890625,4031.264367816092
467,Field CA3,CA3,456.0,8.0,12427.0,3.1315625,3968.3065562319134
473,Dentate gyrus,DG,455.0,7.0,9344.0,3.2985,2832.8027891465817
474,"Dentate gyrus, molecular layer",DG-mo,473.0,8.0,4545.0,2.154328125,2109.706477512565
475,"Dentate gyrus, polymorph layer",DG-po,473.0,8.0,2209.0,0.342515625,6449.340814743853
476,"Dentate gyrus, granule cell layer",DG-sg,473.0,8.0,2590.0,0.80165625,3230.8112111643863
490,Fasciola cinerea,FC,455.0,7.0,306.0,0.030546875,10017.391304347826
491,Induseum griseum,IG,455.0,7.0,307.0,0.060703125,5057.400257400258
492,Retrohippocampal region,RHP,454.0,6.0,114725.0,9.24640625,12407.523193132469
493,Entorhinal area,ENT,492.0,7.0,75315.0,5.704109375,13203.638823983803
494,"Entorhinal area, lateral part",ENTl,493.0,8.0,48573.0,3.1885625,15233.510398494618
495,"Entorhinal area, lateral part, layer 1",ENTl1,494.0,9.0,9448.0,0.4903125,19269.34353091141
496,"Entorhinal area, lateral part, layer 2",ENTl2,494.0,9.0,15515.0,0.801859375,19348.779204583097
500,"Entorhinal area, lateral part, layer 3",ENTl3,494.0,9.0,10184.0,0.6590625,15452.252252252252
503,"Entorhinal area, lateral part, layer 5",ENTl5,494.0,9.0,8852.0,0.7134375,12407.533946561543
505,"Entorhinal area, lateral part, layer 6a",ENTl6a,494.0,9.0,4574.0,0.523890625,8730.830027737182
507,"Entorhinal area, medial part, dorsal zone",ENTm,493.0,8.0,26742.0,2.515546875,10630.690394111618
508,"Entorhinal area, medial part, dorsal zone, layer 1",ENTm1,507.0,9.0,6337.0,0.62259375,10178.386789138183
509,"Entorhinal area, medial part, dorsal zone, layer 2",ENTm2,507.0,9.0,7472.0,0.630703125,11847.095255790908
512,"Entorhinal area, medial part, dorsal zone, layer 3",ENTm3,507.0,9.0,5736.0,0.491546875,11669.283829746655
514,"Entorhinal area, medial part, dorsal zone, layer 5",ENTm5,507.0,9.0,4663.0,0.456796875,10208.03831024457
516,"Entorhinal area, medial part, dorsal zone, layer 6",ENTm6,507.0,9.0,2534.0,0.31390625,8072.473867595819
523,Parasubiculum,PAR,492.0,7.0,4902.0,0.466609375,10505.575461273149
527,Postsubiculum,POST,492.0,7.0,8931.0,0.54015625,16534.10471507087
531,Presubiculum,PRE,492.0,7.0,7286.0,0.46190625,15773.76361545227
535,Subiculum,SUB,492.0,7.0,8910.0,1.0515625,8473.105497771174
544,Prosubiculum,ProS,492.0,7.0,4921.0,0.64990625,7571.86132615281
553,Hippocampo-amygdalar transition area,HATA,492.0,7.0,2468.0,0.2110625,11693.21883328398
554,Area prostriata,APr,492.0,7.0,1992.0,0.16109375,12365.470417070805
555,Cortical subplate,CTXsp,3.0,4.0,42669.0,4.45309375,9581.87776756328
557,Claustrum,CLA,555.0,5.0,4106.0,0.276015625,14875.969431078403
558,Endopiriform nucleus,EP,555.0,5.0,13016.0,1.395171875,9329.316504462937
559,"Endopiriform nucleus, dorsal part",EPd,558.0,6.0,9032.0,0.908828125,9938.072724146825
560,"Endopiriform nucleus, ventral part",EPv,558.0,6.0,3984.0,0.48634375,8191.736811668701
561,Lateral amygdalar nucleus,LA,555.0,5.0,2767.0,0.418609375,6609.980963756485
562,Basolateral amygdalar nucleus,BLA,555.0,5.0,10652.0,0.950453125,11207.285998454685
563,"Basolateral amygdalar nucleus, anterior part",BLAa,562.0,6.0,4624.0,0.385328125,12000.16219942419
564,"Basolateral amygdalar nucleus, posterior part",BLAp,562.0,6.0,3700.0,0.355703125,10401.932791566
565,"Basolateral amygdalar nucleus, ventral part",BLAv,562.0,6.0,2328.0,0.209421875,11116.317242408417
566,Basomedial amygdalar nucleus,BMA,555.0,5.0,7326.0,0.7424375,9867.497264079468
567,"Basomedial amygdalar nucleus, anterior part",BMAa,566.0,6.0,4114.0,0.383953125,10714.8496317096
568,"Basomedial amygdalar nucleus, posterior part",BMAp,566.0,6.0,3212.0,0.358484375,8959.94420956283
569,Posterior amygdalar nucleus,PA,555.0,5.0,2814.0,0.483109375,5824.76794204211
570,Cerebral nuclei,CNU,2.0,3.0,139198.0,27.140265625,5128.837054261513
571,Striatum,STR,570.0,4.0,117719.0,22.469265625,5239.1120370673
572,Striatum dorsal region,STRd,571.0,5.0,42052.0,13.00915625,3232.492499273348
573,Caudoputamen,CP,572.0,6.0,42052.0,13.00915625,3232.492499273348
574,Striatum ventral region,STRv,571.0,5.0,31311.0,4.32478125,7239.903752357417
575,Nucleus accumbens,ACB,574.0,6.0,17029.0,2.19953125,7742.104141507423
576,Fundus of striatum,FS,574.0,6.0,1422.0,0.2160625,6581.428984668788
577,Olfactory tubercle,OT,574.0,6.0,12860.0,1.9091875,6735.849674272433
585,Lateral septal complex,LSX,571.0,5.0,16614.0,1.776625,9351.438823612189
586,Lateral septal nucleus,LS,585.0,6.0,15296.0,1.524359375,10034.379196178725
587,"Lateral septal nucleus, caudal (caudodorsal) part",LSc,586.0,7.0,4746.0,0.281609375,16853.13210897187
588,"Lateral septal nucleus, rostral (rostroventral) part",LSr,586.0,7.0,7039.0,0.939234375,7494.402022924257
589,"Lateral septal nucleus, ventral part",LSv,586.0,7.0,3511.0,0.303515625,11567.773487773487
590,Septofimbrial nucleus,SF,585.0,6.0,1264.0,0.2335625,5411.827669253412
591,Septohippocampal nucleus,SH,585.0,6.0,54.0,0.018703125,2887.218045112782
592,Striatum-like amygdalar nuclei,sAMY,571.0,5.0,16408.0,2.023546875,8108.534673801416
593,Anterior amygdalar area,AAA,592.0,6.0,1600.0,0.247109375,6474.865633891875
594,Bed nucleus of the accessory olfactory tract,BA,592.0,6.0,137.0,0.012578125,10891.925465838509
595,Central amygdalar nucleus,CEA,592.0,6.0,6481.0,0.659015625,9834.364701140432
596,"Central amygdalar nucleus, capsular part",CEAc,595.0,7.0,1125.0,0.154609375,7276.402223345124
597,"Central amygdalar nucleus, lateral part",CEAl,595.0,7.0,1607.0,0.130015625,12360.052878259825
598,"Central amygdalar nucleus, medial part",CEAm,595.0,7.0,3749.0,0.374390625,10013.605442176871
599,Intercalated amygdalar nucleus,IA,592.0,6.0,1280.0,0.091609375,13972.369094320313
600,Medial amygdalar nucleus,MEA,592.0,6.0,6910.0,1.013234375,6819.744938085031
608,Pallidum,PAL,570.0,4.0,21479.0,4.671,4598.372939413402
609,"Pallidum, dorsal region",PALd,608.0,5.0,2499.0,0.993390625,2515.626720354845
610,"Globus pallidus, external segment",GPe,609.0,6.0,2245.0,0.78159375,2872.336172084283
611,"Globus pallidus, internal segment",GPi,609.0,6.0,254.0,0.211796875,1199.26226484692
612,"Pallidum, ventral region",PALv,608.0,5.0,7630.0,1.696140625,4498.447762843956
613,Substantia innominata,SI,612.0,6.0,6753.0,1.513796875,4460.968384546309
614,Magnocellular nucleus,MA,612.0,6.0,877.0,0.18234375,4809.597257926307
615,"Pallidum, medial region",PALm,608.0,5.0,3423.0,0.7436875,4602.739726027397
616,Medial septal complex,MSC,615.0,6.0,2646.0,0.56753125,4662.29833158967
617,Medial septal nucleus,MS,616.0,7.0,610.0,0.200890625,3036.4781830909237
618,Diagonal band nucleus,NDB,616.0,7.0,2036.0,0.366640625,5553.121670573194
619,Triangular nucleus of septum,TRS,615.0,6.0,777.0,0.17615625,4410.856838744013
620,"Pallidum, caudal region",PALc,608.0,5.0,5347.0,0.673984375,7933.418337776748
621,Bed nuclei of the stria terminalis,BST,620.0,6.0,5323.0,0.670234375,7941.997901853362
638,Bed nucleus of the anterior commissure,BAC,620.0,6.0,24.0,0.00375,6400.0
639,Brain stem,BS,1.0,2.0,395201.0,59.824375,6606.019703507141
640,Interbrain,IB,639.0,3.0,119989.0,17.695015625,6780.9490843555
641,Thalamus,TH,640.0,4.0,54921.0,10.120140625,5426.900873721802
642,"Thalamus, sensory-motor cortex related",DORsm,641.0,5.0,13177.0,3.337578125,3948.072376582945
643,Ventral group of the dorsal thalamus,VENT,642.0,6.0,6653.0,2.42896875,2739.022476102255
644,Ventral anterior-lateral complex of the thalamus,VAL,643.0,7.0,872.0,0.40915625,2131.215153135264
645,Ventral medial nucleus of the thalamus,VM,643.0,7.0,1066.0,0.46290625,2302.8420981570243
646,Ventral posterior complex of the thalamus,VP,643.0,7.0,3950.0,1.417203125,2787.17985468738
647,Ventral posterolateral nucleus of the thalamus,VPL,646.0,8.0,1133.0,0.438765625,2582.2442220718635
648,"Ventral posterolateral nucleus of the thalamus, parvicellular part",VPLpc,646.0,8.0,156.0,0.04940625,3157.495256166983
649,Ventral posteromedial nucleus of the thalamus,VPM,646.0,8.0,2355.0,0.8220625,2864.745685394967
650,"Ventral posteromedial nucleus of the thalamus, parvicellular part",VPMpc,646.0,8.0,306.0,0.10696875,2860.648553900088
651,Posterior triangular thalamic nucleus,PoT,643.0,7.0,765.0,0.139703125,5475.897550609551
652,Subparafascicular nucleus,SPF,642.0,6.0,1022.0,0.10190625,10028.82551364612
653,"Subparafascicular nucleus, magnocellular part",SPFm,652.0,7.0,470.0,0.03465625,13561.767357980165
654,"Subparafascicular nucleus, parvicellular part",SPFp,652.0,7.0,552.0,0.06725,8208.17843866171
655,Subparafascicular area,SPA,642.0,6.0,825.0,0.064859375,12719.826547819805
656,Peripeduncular nucleus,PP,642.0,6.0,131.0,0.0305625,4286.298568507157
657,"Geniculate group, dorsal thalamus",GENd,642.0,6.0,4546.0,0.71128125,6391.283335530074
658,Medial geniculate complex,MG,657.0,7.0,1906.0,0.34965625,5451.068013227276
659,"Medial geniculate complex, dorsal part",MGd,658.0,8.0,356.0,0.086046875,4137.279825676412
660,"Medial geniculate complex, ventral part",MGv,658.0,8.0,1042.0,0.138546875,7520.920266155407
661,"Medial geniculate complex, medial part",MGm,658.0,8.0,508.0,0.1250625,4061.969015492254
662,Dorsal part of the lateral geniculate complex,LGd,657.0,7.0,2640.0,0.361625,7300.380228136883
663,"Dorsal part of the lateral geniculate complex, shell",LGd-sh,662.0,8.0,705.0,0.103984375,6779.864763335838
664,"Dorsal part of the lateral geniculate complex, core",LGd-co,662.0,8.0,1847.0,0.209796875,8803.753630744024
665,"Dorsal part of the lateral geniculate complex, ipsilateral zone",LGd-ip,662.0,8.0,88.0,0.04784375,1839.3207054212933
666,"Thalamus, polymodal association cortex related",DORpm,641.0,5.0,38709.0,6.323328125,6121.618115460362
667,Lateral group of the dorsal thalamus,LAT,666.0,6.0,4179.0,1.53896875,2715.4547485126
668,Lateral posterior nucleus of the thalamus,LP,667.0,7.0,1495.0,0.6015625,2485.194805194805
669,Posterior complex of the thalamus,PO,667.0,7.0,1504.0,0.626140625,2402.0163202156064
670,Posterior limiting nucleus of the thalamus,POL,667.0,7.0,615.0,0.102546875,5997.257351820814
671,Suprageniculate nucleus,SGN,667.0,7.0,408.0,0.090890625,4488.911810211449
672,Ethmoid nucleus of the thalamus,Eth,667.0,7.0,157.0,0.117828125,1332.4492772841795
674,Anterior group of the dorsal thalamus,ATN,666.0,6.0,5566.0,1.07915625,5157.733182752729
675,Anteroventral nucleus of thalamus,AV,674.0,7.0,1967.0,0.2078125,9465.263157894737
676,Anteromedial nucleus,AM,674.0,7.0,1340.0,0.205328125,6526.139563199148
677,"Anteromedial nucleus, dorsal part",AMd,676.0,8.0,710.0,0.122265625,5807.02875399361
678,"Anteromedial nucleus, ventral part",AMv,676.0,8.0,630.0,0.0830625,7584.650112866818
679,Anterodorsal nucleus,AD,674.0,7.0,602.0,0.08021875,7504.479937670432
680,Interanteromedial nucleus of the thalamus,IAM,674.0,7.0,326.0,0.02125,15341.176470588234
681,Interanterodorsal nucleus of the thalamus,IAD,674.0,7.0,418.0,0.056375,7414.634146341463
682,Lateral dorsal nucleus of thalamus,LD,674.0,7.0,913.0,0.508171875,1796.636226670356
683,Medial group of the dorsal thalamus,MED,666.0,6.0,6531.0,1.003234375,6509.944398585824
684,Intermediodorsal nucleus of the thalamus,IMD,683.0,7.0,1530.0,0.08503125,17993.384785005514
685,Mediodorsal nucleus of thalamus,MD,683.0,7.0,3534.0,0.6888125,5130.568913891661
689,Submedial nucleus of the thalamus,SMT,683.0,7.0,1109.0,0.153609375,7219.611433221443
690,Perireunensis nucleus,PR,683.0,7.0,358.0,0.07578125,4724.123711340207
691,Midline group of the dorsal thalamus,MTN,666.0,6.0,8853.0,0.584015625,15158.840998474998
692,Paraventricular nucleus of the thalamus,PVT,691.0,7.0,5161.0,0.217140625,23768.00748362956
693,Parataenial nucleus,PT,691.0,7.0,1237.0,0.115015625,10755.0604537427
694,Nucleus of reuniens,RE,691.0,7.0,1866.0,0.210328125,8871.85201693782
695,Xiphoid thalamic nucleus,Xi,691.0,7.0,589.0,0.04153125,14182.09179834462
696,Intralaminar nuclei of the dorsal thalamus,ILM,666.0,6.0,5467.0,0.800203125,6832.015308613048
697,Rhomboid nucleus,RH,696.0,7.0,676.0,0.04453125,15180.350877192985
698,Central medial nucleus of the thalamus,CM,696.0,7.0,1762.0,0.12253125,14380.005100739609
699,Paracentral nucleus,PCN,696.0,7.0,781.0,0.11903125,6561.302179049619
700,Central lateral nucleus of the thalamus,CL,696.0,7.0,539.0,0.181703125,2966.3771605469087
701,Parafascicular nucleus,PF,696.0,7.0,1382.0,0.2445,5652.351738241309
702,Posterior intralaminar thalamic nucleus,PIL,696.0,7.0,327.0,0.08790625,3719.8720227515114
703,Reticular nucleus of the thalamus,RT,666.0,6.0,2979.0,0.7235,4117.484450587422
704,"Geniculate group, ventral thalamus",GENv,666.0,6.0,3368.0,0.26103125,12902.66969950916
705,Intergeniculate leaflet of the lateral geniculate complex,IGL,704.0,7.0,913.0,0.0344375,26511.79673321234
706,Intermediate geniculate nucleus,IntG,704.0,7.0,204.0,0.011171875,18260.13986013986
707,Ventral part of the lateral geniculate complex,LGv,704.0,7.0,2234.0,0.202109375,11053.420950908388
710,Subgeniculate nucleus,SubG,704.0,7.0,17.0,0.0133125,1276.9953051643192
711,Epithalamus,EPI,666.0,6.0,1766.0,0.33321875,5299.821813748476
712,Medial habenula,MH,711.0,7.0,1357.0,0.160234375,8468.84446611409
713,Lateral habenula,LH,711.0,7.0,409.0,0.172984375,2364.3753951765875
715,Hypothalamus,HY,640.0,4.0,65068.0,7.574875,8589.976732289313
716,Periventricular zone,PVZ,715.0,5.0,5413.0,0.38225,14160.88947024199
717,Supraoptic nucleus,SO,716.0,6.0,131.0,0.02325,5634.408602150537
718,Accessory supraoptic group,ASO,716.0,6.0,68.0,0.003046875,22317.94871794872
720,Paraventricular hypothalamic nucleus,PVH,716.0,6.0,1373.0,0.092796875,14795.756861424485
731,"Periventricular hypothalamic nucleus, anterior part",PVa,716.0,6.0,564.0,0.024609375,22918.09523809524
732,"Periventricular hypothalamic nucleus, intermediate part",PVi,716.0,6.0,1258.0,0.096640625,13017.299919159255
733,Arcuate hypothalamic nucleus,ARH,716.0,6.0,2019.0,0.14190625,14227.703149086105
734,Periventricular region,PVR,715.0,5.0,14249.0,1.01753125,14003.501120972944
735,Anterodorsal preoptic nucleus,ADP,734.0,6.0,664.0,0.050390625,13177.054263565891
737,Anteroventral preoptic nucleus,AVP,734.0,6.0,440.0,0.045921875,9581.49030282409
738,Anteroventral periventricular nucleus,AVPV,734.0,6.0,2246.0,0.090265625,24882.11874675437
739,Dorsomedial nucleus of the hypothalamus,DMH,734.0,6.0,2286.0,0.186125,12282.06850235057
743,Median preoptic nucleus,MEPO,734.0,6.0,258.0,0.01821875,14161.234991423673
744,Medial preoptic area,MPO,734.0,6.0,2551.0,0.27884375,9148.49265941948
745,Vascular organ of the lamina terminalis,OV,734.0,6.0,162.0,0.004171875,38831.4606741573
746,Posterodorsal preoptic nucleus,PD,734.0,6.0,61.0,0.005765625,10579.945799457995
747,Parastrial nucleus,PS,734.0,6.0,459.0,0.048296875,9503.720478809446
749,"Periventricular hypothalamic nucleus, posterior part",PVp,734.0,6.0,1057.0,0.062953125,16790.270538595185
750,"Periventricular hypothalamic nucleus, preoptic part",PVpo,734.0,6.0,1109.0,0.070546875,15720.044296788485
751,Subparaventricular zone,SBPV,734.0,6.0,859.0,0.0540625,15889.017341040462
752,Suprachiasmatic nucleus,SCH,734.0,6.0,1382.0,0.033,41878.78787878788
753,Subfornical organ,SFO,734.0,6.0,12.0,0.010421875,1151.424287856072
754,Ventromedial preoptic nucleus,VMPO,734.0,6.0,297.0,0.025109375,11828.251400124456
755,Ventrolateral preoptic nucleus,VLPO,734.0,6.0,406.0,0.0334375,12142.056074766357
756,Hypothalamic medial zone,MEZ,715.0,5.0,17121.0,1.916609375,8932.962670079813
757,Anterior hypothalamic nucleus,AHN,756.0,6.0,3225.0,0.3546875,9092.51101321586
762,Mammillary body,MBO,756.0,6.0,4079.0,0.50525,8073.231073725879
763,Lateral mammillary nucleus,LM,762.0,7.0,226.0,0.03884375,5818.181818181818
764,Medial mammillary nucleus,MM,762.0,7.0,2096.0,0.268203125,7814.972327410429
765,"Medial mammillary nucleus, median part",MMme,764.0,8.0,325.0,0.0375,8666.666666666668
766,"Medial mammillary nucleus, lateral part",MMl,764.0,8.0,642.0,0.106578125,6023.750183257587
767,"Medial mammillary nucleus, medial part",MMm,764.0,8.0,516.0,0.0681875,7567.36938588451
768,"Medial mammillary nucleus, posterior part",MMp,764.0,8.0,73.0,0.01821875,4006.861063464837
769,"Medial mammillary nucleus, dorsal part",MMd,764.0,8.0,540.0,0.03771875,14316.48715824358
770,Supramammillary nucleus,SUM,762.0,7.0,1083.0,0.1266875,8548.593981253083
773,Tuberomammillary nucleus,TM,762.0,7.0,674.0,0.071515625,9424.513873716409
774,"Tuberomammillary nucleus, dorsal part",TMd,773.0,8.0,252.0,0.017328125,14542.83137962128
775,"Tuberomammillary nucleus, ventral part",TMv,773.0,8.0,422.0,0.0541875,7787.773933102653
776,Medial preoptic nucleus,MPN,756.0,6.0,1904.0,0.201140625,9466.014138118544
780,Dorsal premammillary nucleus,PMd,756.0,6.0,414.0,0.065859375,6286.120996441281
781,Ventral premammillary nucleus,PMv,756.0,6.0,653.0,0.09790625,6669.645706990105
782,"Paraventricular hypothalamic nucleus, descending division",PVHd,756.0,6.0,828.0,0.06534375,12671.44906743185
787,Ventromedial hypothalamic nucleus,VMH,756.0,6.0,2120.0,0.2743125,7728.411938938254
792,Posterior hypothalamic nucleus,PH,756.0,6.0,3898.0,0.352109375,11070.423785222987
793,Hypothalamic lateral zone,LZ,715.0,5.0,16148.0,2.8434375,5679.041652928893
794,Lateral hypothalamic area,LHA,793.0,6.0,5995.0,1.0360625,5786.330457863304
795,Lateral preoptic area,LPO,793.0,6.0,1313.0,0.277265625,4735.531135531135
796,Preparasubthalamic nucleus,PST,793.0,6.0,77.0,0.006453125,11932.203389830507
797,Parasubthalamic nucleus,PSTN,793.0,6.0,896.0,0.0831875,10770.84898572502
798,Perifornical nucleus,PeF,793.0,6.0,697.0,0.107046875,6511.166253101737
799,Retrochiasmatic area,RCH,793.0,6.0,332.0,0.0739375,4490.278951817413
800,Subthalamic nucleus,STN,793.0,6.0,914.0,0.09725,9398.457583547555
801,Tuberal nucleus,TU,793.0,6.0,1155.0,0.26178125,4412.080697146949
802,Zona incerta,ZI,793.0,6.0,4769.0,0.900453125,5296.222388033802
804,Fields of Forel,FF,802.0,7.0,518.0,0.120953125,4282.650820307454
805,Median eminence,ME,715.0,5.0,909.0,0.038703125,23486.47557529269
806,Midbrain,MB,639.0,3.0,140210.0,18.33484375,7647.1881577938175
807,"Midbrain, sensory related",MBsen,806.0,4.0,57407.0,3.427421875,16749.32415490871
808,"Superior colliculus, sensory related",SCs,807.0,5.0,28121.0,1.07721875,26105.189869745587
809,"Superior colliculus, optic layer",SCop,808.0,6.0,7096.0,0.321,22105.919003115265
810,"Superior colliculus, superficial gray layer",SCsg,808.0,6.0,15855.0,0.5754375,27552.94884327142
811,"Superior colliculus, zonal layer",SCzo,808.0,6.0,5170.0,0.18078125,28598.0985306828
812,Inferior colliculus,IC,807.0,5.0,28829.0,2.2235625,12965.230345447902
813,"Inferior colliculus, central nucleus",ICc,812.0,6.0,7554.0,0.56334375,13409.219504077217
814,"Inferior colliculus, dorsal nucleus",ICd,812.0,6.0,10266.0,0.661453125,15520.374176174617
815,"Inferior colliculus, external nucleus",ICe,812.0,6.0,11009.0,0.998765625,11022.60602931744
816,Nucleus of the brachium of the inferior colliculus,NB,807.0,5.0,293.0,0.043703125,6704.3260636396135
817,Nucleus sagulum,SAG,807.0,5.0,48.0,0.049,979.591836734694
818,Parabigeminal nucleus,PBG,807.0,5.0,31.0,0.02240625,1383.5425383542538
819,Midbrain trigeminal nucleus,MEV,807.0,5.0,35.0,0.0048125,7272.727272727273
820,Subcommissural organ,SCO,807.0,5.0,50.0,0.00671875,7441.86046511628
821,"Midbrain, motor related",MBmot,806.0,4.0,60930.0,10.63796875,5727.597197538298
822,"Substantia nigra, reticular part",SNr,821.0,5.0,870.0,0.773984375,1124.0536994044617
823,Ventral tegmental area,VTA,821.0,5.0,916.0,0.213796875,4284.440546663744
824,Paranigral nucleus,PN,821.0,5.0,16.0,0.01084375,1475.5043227665708
825,"Midbrain reticular nucleus, retrorubral area",RR,821.0,5.0,232.0,0.069046875,3360.036207286717
826,Midbrain reticular nucleus,MRN,821.0,5.0,9360.0,2.57221875,3638.881801946277
830,"Superior colliculus, motor related",SCm,821.0,5.0,22252.0,2.823328125,7881.478529882175
831,"Superior colliculus, motor related, deep gray layer",SCdg,830.0,6.0,2650.0,0.59640625,4443.2800628766045
832,"Superior colliculus, motor related, deep white layer",SCdw,830.0,6.0,624.0,0.16553125,3769.680951481971
833,"Superior colliculus, motor related, intermediate white layer",SCiw,830.0,6.0,8323.0,1.0450625,7964.116978649602
834,"Superior colliculus, motor related, intermediate gray layer",SCig,830.0,6.0,10655.0,1.016328125,10483.818894611422
838,Periaqueductal gray,PAG,821.0,5.0,17449.0,2.34271875,7448.183867568397
839,Precommissural nucleus,PRC,838.0,6.0,919.0,0.085765625,10715.248679176537
840,Interstitial nucleus of Cajal,INC,838.0,6.0,224.0,0.039546875,5664.164361912287
841,Nucleus of Darkschewitsch,ND,838.0,6.0,588.0,0.045921875,12804.35522286492
842,Supraoculomotor periaqueductal gray,Su3,838.0,6.0,148.0,0.020953125,7063.385533184191
843,Pretectal region,PRT,821.0,5.0,7378.0,1.039640625,7096.683048529389
844,Anterior pretectal nucleus,APN,843.0,6.0,3109.0,0.63828125,4870.893512851897
845,Medial pretectal area,MPT,843.0,6.0,160.0,0.022,7272.727272727273
846,Nucleus of the optic tract,NOT,843.0,6.0,1663.0,0.102859375,16167.704693908552
847,Nucleus of the posterior commissure,NPC,843.0,6.0,1263.0,0.143984375,8771.78513293543
848,Olivary pretectal nucleus,OP,843.0,6.0,149.0,0.02921875,5099.465240641711
849,Posterior pretectal nucleus,PPT,843.0,6.0,813.0,0.071984375,11294.117647058823
850,Retroparafascicular nucleus,RPF,843.0,6.0,221.0,0.0313125,7057.884231536927
852,Cuneiform nucleus,CUN,821.0,5.0,565.0,0.275515625,2050.700391311745
853,Red nucleus,RN,821.0,5.0,1124.0,0.39384375,2853.9236689677064
854,Oculomotor nucleus,III,821.0,5.0,146.0,0.0161875,9019.30501930502
855,Medial accesory oculomotor nucleus,MA3,821.0,5.0,51.0,0.008296875,6146.892655367231
856,Edinger-Westphal nucleus,EW,821.0,5.0,121.0,0.01075,11255.813953488372
857,Trochlear nucleus,IV,821.0,5.0,26.0,0.003453125,7529.411764705882
858,Paratrochlear nucleus,Pa4,821.0,5.0,17.0,0.007953125,2137.524557956778
859,Ventral tegmental nucleus,VTN,821.0,5.0,26.0,0.0186875,1391.304347826087
860,Anterior tegmental nucleus,AT,821.0,5.0,69.0,0.021578125,3197.6828385228096
861,Lateral terminal nucleus of the accessory optic tract,LT,821.0,5.0,114.0,0.00890625,12800.000000000002
862,Dorsal terminal nucleus of the accessory optic tract,DT,821.0,5.0,73.0,0.005671875,12870.52341597796
863,Medial terminal nucleus of the accessory optic tract,MT,821.0,5.0,125.0,0.021546875,5801.305293691081
865,"Midbrain, behavioral state related",MBsta,806.0,4.0,3300.0,0.901578125,3660.248522555935
866,"Substantia nigra, compact part",SNc,865.0,5.0,169.0,0.098421875,1717.0979520558817
867,Pedunculopontine nucleus,PPN,865.0,5.0,801.0,0.44528125,1798.8630781107445
868,Midbrain raphe nuclei,RAmb,865.0,5.0,2330.0,0.357875,6510.653161019909
869,Interfascicular nucleus raphe,IF,868.0,6.0,232.0,0.042578125,5448.807339449541
870,Interpeduncular nucleus,IPN,868.0,6.0,761.0,0.175421875,4338.113476440723
871,"Interpeduncular nucleus, rostral",IPR,870.0,7.0,223.0,0.038875,5736.334405144695
872,"Interpeduncular nucleus, caudal",IPC,870.0,7.0,227.0,0.0328125,6918.095238095238
873,"Interpeduncular nucleus, apical",IPA,870.0,7.0,85.0,0.011953125,7111.111111111111
874,"Interpeduncular nucleus, lateral",IPL,870.0,7.0,41.0,0.031,1322.5806451612902
875,"Interpeduncular nucleus, intermediate",IPI,870.0,7.0,37.0,0.016546875,2236.071765816808
876,"Interpeduncular nucleus, dorsomedial",IPDM,870.0,7.0,75.0,0.009796875,7655.502392344498
877,"Interpeduncular nucleus, dorsolateral",IPDL,870.0,7.0,40.0,0.018875,2119.2052980132453
878,"Interpeduncular nucleus, rostrolateral",IPRL,870.0,7.0,14.0,0.009671875,1447.495961227787
879,Rostral linear nucleus raphe,RL,868.0,6.0,352.0,0.026359375,13353.88263189093
880,Central linear nucleus raphe,CLI,868.0,6.0,113.0,0.04115625,2745.634016704632
881,Dorsal nucleus raphe,DR,868.0,6.0,872.0,0.072359375,12050.96091556899
882,Hindbrain,HB,639.0,3.0,135002.0,23.794515625,5673.660356345245
883,Pons,P,882.0,4.0,51287.0,8.338546875,6150.592035857566
884,"Pons, sensory related",P-sen,883.0,5.0,7005.0,1.919203125,3649.952372810981
885,Nucleus of the lateral lemniscus,NLL,884.0,6.0,423.0,0.3616875,1169.5178849144634
889,Principal sensory nucleus of the trigeminal,PSV,884.0,6.0,1377.0,0.547578125,2514.7096590098445
890,Parabrachial nucleus,PB,884.0,6.0,2974.0,0.56046875,5306.272651240592
891,Koelliker-Fuse subnucleus,KF,890.0,7.0,329.0,0.08771875,3750.623441396509
902,Superior olivary complex,SOC,884.0,6.0,2231.0,0.44946875,4963.637627754989
903,"Superior olivary complex, periolivary region",POR,902.0,7.0,1797.0,0.182,9873.626373626374
904,"Superior olivary complex, medial part",SOCm,902.0,7.0,35.0,0.098046875,356.9721115537848
905,"Superior olivary complex, lateral part",SOCl,902.0,7.0,399.0,0.169421875,2355.067785668173
906,"Pons, motor related",P-mot,883.0,5.0,24930.0,2.8958125,8608.982798437399
907,Barrington's nucleus,B,906.0,6.0,156.0,0.007671875,20334.012219959262
908,Dorsal tegmental nucleus,DTN,906.0,6.0,482.0,0.05184375,9297.166968053043
910,Posterodorsal tegmental nucleus,PDTg,906.0,6.0,57.0,0.023875,2387.434554973822
911,Pontine central gray,PCG,906.0,6.0,2100.0,0.27109375,7746.397694524495
912,Pontine gray,PG,906.0,6.0,12600.0,0.481984375,26141.92628132395
913,"Pontine reticular nucleus, caudal part",PRNc,906.0,6.0,2499.0,1.174078125,2128.4784604942706
915,Supragenual nucleus,SG,906.0,6.0,71.0,0.00859375,8261.818181818182
917,Supratrigeminal nucleus,SUT,906.0,6.0,548.0,0.13021875,4208.3033357331415
918,Tegmental reticular nucleus,TRN,906.0,6.0,5261.0,0.3445625,15268.63776528206
919,Motor nucleus of trigeminal,V,906.0,6.0,707.0,0.177484375,3983.449247292896
920,Peritrigeminal zone,P5,906.0,6.0,220.0,0.1598125,1376.613218615565
921,Accessory trigeminal nucleus,Acs5,906.0,6.0,11.0,0.007234375,1520.5183585313175
922,Parvicellular motor 5 nucleus,PC5,906.0,6.0,156.0,0.035265625,4423.571112095702
923,Intertrigeminal nucleus,I5,906.0,6.0,62.0,0.02209375,2806.2234794908063
924,"Pons, behavioral state related",P-sat,883.0,5.0,5177.0,1.72528125,3000.670180586498
925,Superior central nucleus raphe,CS,924.0,6.0,840.0,0.2966875,2831.2618495892143
928,Locus ceruleus,LC,924.0,6.0,106.0,0.007328125,14464.818763326226
929,Laterodorsal tegmental nucleus,LDT,924.0,6.0,1397.0,0.102125,13679.314565483475
930,Nucleus incertus,NI,924.0,6.0,210.0,0.051921875,4044.5380680108337
931,Pontine reticular nucleus,PRNr,924.0,6.0,2258.0,1.182078125,1910.195233500324
932,Nucleus raphe pontis,RPO,924.0,6.0,136.0,0.048296875,2815.9171789065026
933,Subceruleus nucleus,SLC,924.0,6.0,48.0,0.013171875,3644.128113879004
934,Sublaterodorsal nucleus,SLD,924.0,6.0,182.0,0.023671875,7688.448844884489
935,Medulla,MY,882.0,4.0,83715.0,15.45596875,5416.354118857804
936,"Medulla, sensory related",MY-sen,935.0,5.0,26046.0,3.966765625,6566.054680883749
937,Area postrema,AP,936.0,6.0,712.0,0.025875,27516.90821256039
938,Cochlear nuclei,CN,936.0,6.0,2588.0,0.81571875,3172.662146113473
941,Dorsal cochlear nucleus,DCO,938.0,7.0,1309.0,0.306,4277.777777777778
942,Ventral cochlear nucleus,VCO,938.0,7.0,1279.0,0.50971875,2509.2269020906137
943,Dorsal column nuclei,DCN,936.0,6.0,1171.0,0.207734375,5637.006393380971
944,Cuneate nucleus,CU,943.0,7.0,706.0,0.1669375,4229.127667540248
945,Gracile nucleus,GR,943.0,7.0,465.0,0.040796875,11397.93182688625
946,External cuneate nucleus,ECU,936.0,6.0,1481.0,0.10259375,14435.577215961011
947,Nucleus of the trapezoid body,NTB,936.0,6.0,426.0,0.07734375,5507.878787878788
948,Nucleus of the solitary tract,NTS,936.0,6.0,7037.0,0.423703125,16608.326879817087
954,"Spinal nucleus of the trigeminal, caudal part",SPVC,936.0,6.0,8469.0,0.84128125,10066.788009360722
955,"Spinal nucleus of the trigeminal, interpolar part",SPVI,936.0,6.0,2104.0,0.92271875,2280.2181054627968
956,"Spinal nucleus of the trigeminal, oral part",SPVO,936.0,6.0,1041.0,0.498703125,2087.4142306607764
962,Paratrigeminal nucleus,Pa5,936.0,6.0,1017.0,0.05109375,19904.5871559633
964,"Medulla, motor related",MY-mot,935.0,5.0,44522.0,8.74534375,5090.93767754984
965,Abducens nucleus,VI,964.0,6.0,54.0,0.01521875,3548.2546201232035
967,Facial motor nucleus,VII,964.0,6.0,969.0,0.458546875,2113.197260367329
968,Accessory facial motor nucleus,ACVII,964.0,6.0,17.0,0.002765625,6146.892655367232
970,Nucleus ambiguus,AMB,964.0,6.0,109.0,0.02159375,5047.756874095514
971,"Nucleus ambiguus, dorsal division",AMBd,970.0,7.0,66.0,0.010625,6211.764705882352
972,"Nucleus ambiguus, ventral division",AMBv,970.0,7.0,43.0,0.01096875,3920.227920227921
973,Dorsal motor nucleus of the vagus nerve,DMX,964.0,6.0,1938.0,0.087015625,22271.862093733165
975,Gigantocellular reticular nucleus,GRN,964.0,6.0,4323.0,1.306625,3308.523868745815
976,Infracerebellar nucleus,ICB,964.0,6.0,1.0,0.027125,36.86635944700461
977,Inferior olivary complex,IO,964.0,6.0,659.0,0.255203125,2582.256780750628
978,Intermediate reticular nucleus,IRN,964.0,6.0,8593.0,1.387890625,6191.410075992119
979,Inferior salivatory nucleus,ISN,964.0,6.0,33.0,0.00359375,9182.608695652174
980,Linear nucleus of the medulla,LIN,964.0,6.0,390.0,0.030859375,12637.974683544304
981,Lateral reticular nucleus,LRN,964.0,6.0,1959.0,0.28496875,6874.43798662134
982,"Lateral reticular nucleus, magnocellular part",LRNm,981.0,7.0,1890.0,0.2564375,7370.21691445284
983,"Lateral reticular nucleus, parvicellular part",LRNp,981.0,7.0,69.0,0.02853125,2418.4008762322014
984,Magnocellular reticular nucleus,MARN,964.0,6.0,934.0,0.26578125,3514.168136390358
985,Medullary reticular nucleus,MDRN,964.0,6.0,6341.0,1.016015625,6241.045751633987
986,"Medullary reticular nucleus, dorsal part",MDRNd,985.0,7.0,3973.0,0.546171875,7274.266914604492
987,"Medullary reticular nucleus, ventral part",MDRNv,985.0,7.0,2368.0,0.46984375,5039.973395410709
988,Parvicellular reticular nucleus,PARN,964.0,6.0,7385.0,1.12546875,6561.710398445092
989,Parasolitary nucleus,PAS,964.0,6.0,186.0,0.014015625,13270.903010033444
990,Paragigantocellular reticular nucleus,PGRN,964.0,6.0,2027.0,0.47425,4274.117026884554
991,"Paragigantocellular reticular nucleus, dorsal part",PGRNd,990.0,7.0,587.0,0.119265625,4921.786977597275
992,"Paragigantocellular reticular nucleus, lateral part",PGRNl,990.0,7.0,1440.0,0.354984375,4056.5165720322193
993,Perihypoglossal nuclei,PHY,964.0,6.0,1027.0,0.135,7607.407407407407
995,Nucleus of Roller,NR,993.0,7.0,224.0,0.015125,14809.9173553719
996,Nucleus prepositus,PRP,993.0,7.0,803.0,0.119875,6698.644421272159
998,Parapyramidal nucleus,PPY,964.0,6.0,136.0,0.047359375,2871.6595183107884
1001,Vestibular nuclei,VNC,964.0,6.0,5233.0,1.6041875,3262.087505357073
1002,Lateral vestibular nucleus,LAV,1001.0,7.0,91.0,0.143515625,634.0772999455634
1003,Medial vestibular nucleus,MV,1001.0,7.0,3124.0,0.909296875,3435.6216169774034
1004,Spinal vestibular nucleus,SPIV,1001.0,7.0,1857.0,0.37425,4961.923847695391
1005,Superior vestibular nucleus,SUV,1001.0,7.0,161.0,0.177125,908.9625970359916
1006,Nucleus x,x,964.0,6.0,291.0,0.028515625,10204.931506849316
1007,Hypoglossal nucleus,XII,964.0,6.0,1910.0,0.141640625,13484.831770546058
1008,Nucleus y,y,964.0,6.0,7.0,0.011703125,598.1308411214953
1010,"Medulla, behavioral state related",MY-sat,935.0,5.0,494.0,0.100828125,4899.426623275996
1011,Nucleus raphe magnus,RM,1010.0,6.0,150.0,0.05384375,2785.8386535113173
1012,Nucleus raphe pallidus,RPA,1010.0,6.0,295.0,0.030328125,9726.944873776403
1013,Nucleus raphe obscurus,RO,1010.0,6.0,49.0,0.01665625,2941.838649155722
1014,Cerebellum,CB,1.0,2.0,156027.0,26.87484375,5805.689567962604
1015,Cerebellar cortex,CBX,1014.0,3.0,154192.0,25.571265625,6029.893172329049
1019,Vermal regions,VERM,1015.0,4.0,59548.0,10.09521875,5898.63394490585
1020,Lingula (I),LING,1019.0,5.0,185.0,0.059890625,3088.964257761545
1024,Central lobule,CENT,1019.0,5.0,5856.0,2.027453125,2888.35284416255
1025,Lobule II,CENT2,1024.0,6.0,2322.0,0.66284375,3503.088020366791
1029,Lobule III,CENT3,1024.0,6.0,3534.0,1.364609375,2589.7521039674816
1033,Culmen,CUL,1019.0,5.0,10759.0,3.3536875,3208.1104754095304
1042,Lobules IV-V,"CUL4, 5",1033.0,6.0,10759.0,3.3536875,3208.1104754095304
1046,Declive (VI),DEC,1019.0,5.0,17076.0,1.66121875,10279.200135442728
1050,Folium-tuber vermis (VII),FOTU,1019.0,5.0,6599.0,0.525640625,12554.204690704795
1054,Pyramus (VIII),PYR,1019.0,5.0,7384.0,0.621171875,11887.209156080997
1058,Uvula (IX),UVU,1019.0,5.0,6859.0,1.090515625,6289.68521198401
1062,Nodulus (X),NOD,1019.0,5.0,4830.0,0.755640625,6391.927379500011
1066,Hemispheric regions,HEM,1015.0,4.0,94644.0,15.476046875,6115.515206463214
1067,Simple lobule,SIM,1066.0,5.0,11997.0,2.8468125,4214.186919581111
1071,Ansiform lobule,AN,1066.0,5.0,30516.0,5.40478125,5646.111949489167
1072,Crus 1,ANcr1,1071.0,6.0,15213.0,2.848609375,5340.500573196351
1076,Crus 2,ANcr2,1071.0,6.0,15303.0,2.556171875,5986.686634677099
1080,Paramedian lobule,PRM,1066.0,5.0,13175.0,2.441015625,5397.343574971996
1084,Copula pyramidis,COPY,1066.0,5.0,5233.0,1.25378125,4173.774332643752
1088,Paraflocculus,PFL,1066.0,5.0,30649.0,2.86209375,10708.594014434362
1092,Flocculus,FL,1066.0,5.0,3074.0,0.6675625,4604.812283494055
1096,Cerebellar nuclei,CBN,1014.0,3.0,228.0,0.892046875,255.5919496943476
1097,Fastigial nucleus,FN,1096.0,4.0,118.0,0.25065625,470.7642438598678
1098,Interposed nucleus,IP,1096.0,4.0,83.0,0.430734375,192.6941633112054
1099,Dentate nucleus,DN,1096.0,4.0,19.0,0.168,113.09523809523807
1100,Vestibulocerebellar nucleus,VeCB,1096.0,4.0,8.0,0.04265625,187.54578754578756
1101,fiber tracts,fiber tracts,0.0,1.0,150857.0,23.43646875,6436.848554669739
1102,cranial nerves,cm,1101.0,2.0,70570.0,6.16371875,11449.256992785402
1104,vomeronasal nerve,von,1102.0,3.0,8.0,0.006796875,1177.0114942528735
1105,olfactory nerve,In,1102.0,3.0,55752.0,2.976546875,18730.429031123524
1106,olfactory nerve layer of main olfactory bulb,onl,1105.0,4.0,46801.0,2.066203125,22650.725591173425
1107,"lateral olfactory tract, general",lotg,1105.0,4.0,4965.0,0.530796875,9353.860645844989
1108,"lateral olfactory tract, body",lot,1107.0,5.0,3360.0,0.452328125,7428.235863069535
1109,dorsal limb,lotd,1107.0,5.0,1605.0,0.07846875,20454.00238948626
1111,"anterior commissure, olfactory limb",aco,1105.0,4.0,3986.0,0.379546875,10501.996624264131
1112,optic nerve,IIn,1102.0,3.0,3798.0,0.649859375,5844.341323844101
1114,brachium of the superior colliculus,bsc,1112.0,4.0,796.0,0.099453125,8003.770620581304
1115,superior colliculus commissure,csc,1112.0,4.0,73.0,0.013265625,5502.944640753828
1116,optic chiasm,och,1112.0,4.0,1726.0,0.1520625,11350.595972050967
1117,optic tract,opt,1112.0,4.0,1115.0,0.349609375,3189.27374301676
1119,oculomotor nerve,IIIn,1102.0,3.0,589.0,0.1029375,5721.9186399514265
1120,medial longitudinal fascicle,mlf,1119.0,4.0,368.0,0.07340625,5013.197105151127
1121,posterior commissure,pc,1119.0,4.0,212.0,0.025453125,8329.03621853898
1122,trochlear nerve,IVn,1102.0,3.0,9.0,0.00346875,2594.5945945945946
1125,trigeminal nerve,Vn,1102.0,3.0,5004.0,1.190859375,4202.007478842747
1126,motor root of the trigeminal nerve,moV,1125.0,4.0,194.0,0.029859375,6497.121925693355
1127,sensory root of the trigeminal nerve,sV,1125.0,4.0,4810.0,1.161,4142.980189491817
1129,spinal tract of the trigeminal nerve,sptV,1127.0,5.0,4003.0,0.813609375,4920.051468187667
1130,facial nerve,VIIn,1102.0,3.0,156.0,0.053828125,2898.11320754717
1132,genu of the facial nerve,gVIIn,1130.0,4.0,75.0,0.01440625,5206.073752711496
1133,vestibulocochlear nerve,VIIIn,1102.0,3.0,2860.0,0.831171875,3440.924898956669
1135,vestibular nerve,vVIIIn,1133.0,4.0,270.0,0.125125,2157.842157842158
1136,cochlear nerve,cVIIIn,1133.0,4.0,2590.0,0.706046875,3668.311682563569
1137,trapezoid body,tb,1136.0,5.0,817.0,0.149625,5460.31746031746
1139,dorsal acoustic stria,das,1136.0,5.0,5.0,0.00603125,829.0155440414508
1140,lateral lemniscus,ll,1136.0,5.0,822.0,0.416703125,1972.6273951029284
1141,inferior colliculus commissure,cic,1136.0,5.0,77.0,0.008953125,8600.349040139618
1142,brachium of the inferior colliculus,bic,1136.0,5.0,869.0,0.124734375,6966.804459476388
1144,vagus nerve,Xn,1102.0,3.0,21.0,0.0046875,4480.0
1145,solitary tract,ts,1144.0,4.0,21.0,0.0046875,4480.0
1149,dorsal roots,drt,1102.0,3.0,2373.0,0.3435625,6907.040203747499
1150,cervicothalamic tract,cett,1149.0,4.0,2373.0,0.3435625,6907.040203747499
1155,dorsal column,dc,1150.0,5.0,171.0,0.0111875,15284.91620111732
1156,cuneate fascicle,cuf,1155.0,6.0,171.0,0.0111875,15284.91620111732
1159,medial lemniscus,ml,1150.0,5.0,2202.0,0.332375,6625.047010154194
1171,cerebellum related fiber tracts,cbf,1101.0,2.0,12476.0,4.89825,2547.0321033022
1172,cerebellar commissure,cbc,1171.0,3.0,1.0,0.0344375,29.038112522686024
1173,cerebellar peduncles,cbp,1171.0,3.0,5626.0,1.408359375,3994.7190325622673
1174,superior cerebelar peduncles,scp,1173.0,4.0,1426.0,0.426625,3342.513917374744
1175,superior cerebellar peduncle decussation,dscp,1174.0,5.0,58.0,0.022609375,2565.3075328265377
1177,uncinate fascicle,uf,1174.0,5.0,124.0,0.042390625,2925.175082934021
1178,ventral spinocerebellar tract,sctv,1174.0,5.0,492.0,0.142484375,3453.0101984866765
1179,middle cerebellar peduncle,mcp,1173.0,4.0,1894.0,0.54659375,3465.096335258133
1180,inferior cerebellar peduncle,icp,1173.0,4.0,2306.0,0.435140625,5299.436245466623
1181,dorsal spinocerebellar tract,sctd,1180.0,5.0,116.0,0.07328125,1582.9424307036245
1188,arbor vitae,arb,1171.0,3.0,6849.0,3.455453125,1982.0844769815824
1189,supra-callosal cerebral white matter,scwm,1101.0,2.0,5893.0,0.533921875,11037.19528254953
1190,lateral forebrain bundle system,lfbs,1101.0,2.0,35394.0,6.926859375,5109.674974454061
1191,corpus callosum,cc,1190.0,3.0,18719.0,3.89753125,4802.7838134716685
1192,"corpus callosum, anterior forceps",fa,1191.0,4.0,5376.0,0.866140625,6206.844298522541
1193,external capsule,ec,1192.0,5.0,3696.0,0.439015625,8418.834751041037
1194,"corpus callosum, extreme capsule",ee,1191.0,4.0,439.0,0.04671875,9396.655518394648
1195,genu of corpus callosum,ccg,1191.0,4.0,1683.0,0.41365625,4068.595603233361
1196,"corpus callosum, posterior forceps",fp,1191.0,4.0,3090.0,0.681484375,4534.219878482173
1198,"corpus callosum, body",ccb,1191.0,4.0,6880.0,1.517390625,4534.099451154841
1199,"corpus callosum, splenium",ccs,1191.0,4.0,1251.0,0.372140625,3361.6324474115127
1200,corticospinal tract,cst,1190.0,3.0,3686.0,1.846421875,1996.293506867167
1201,internal capsule,int,1200.0,4.0,1702.0,1.04996875,1621.0006250186018
1202,cerebal peduncle,cpd,1200.0,4.0,704.0,0.440984375,1596.4284448853773
1207,pyramid,py,1200.0,4.0,529.0,0.280203125,1887.9161322701168
1208,pyramidal decussation,pyd,1200.0,4.0,93.0,0.033265625,2795.678722404885
1211,thalamus related,lfbst,1190.0,3.0,12989.0,1.18290625,10980.58278075714
1212,external medullary lamina of the thalamus,em,1211.0,4.0,108.0,0.055,1963.636363636364
1216,optic radiation,or,1211.0,4.0,10894.0,0.922203125,11813.015706274038
1217,auditory radiation,ar,1211.0,4.0,1987.0,0.205703125,9659.551842005318
1218,extrapyramidal fiber systems,eps,1101.0,2.0,1658.0,0.612609375,2706.4554798887957
1219,cerebral nuclei related,epsc,1218.0,3.0,363.0,0.0560625,6474.916387959866
1221,nigrostriatal tract,nst,1219.0,4.0,363.0,0.0560625,6474.916387959866
1226,tectospinal pathway,tsp,1218.0,3.0,542.0,0.25309375,2141.4989504877144
1228,doral tegmental decussation,dtd,1226.0,4.0,14.0,0.003390625,4129.032258064516
1229,crossed tectospinal pathway,tspc,1226.0,4.0,528.0,0.249703125,2114.5109817908765
1230,rubrospinal tract,rust,1218.0,3.0,753.0,0.303453125,2481.4376190721387
1231,ventral tegmental decussation,vtd,1230.0,4.0,127.0,0.01821875,6970.840480274443
1238,medial forebrain bundle system,mfbs,1101.0,2.0,20470.0,3.52459375,5807.761532800766
1239,cerebrum related,mfbc,1238.0,3.0,18548.0,3.113984375,5956.356155447955
1240,amygdalar capsule,amc,1239.0,4.0,687.0,0.0835,8227.54491017964
1242,"anterior commissure, temporal limb",act,1239.0,4.0,357.0,0.106015625,3367.428150331614
1243,cingulum bundle,cing,1239.0,4.0,4171.0,0.631234375,6607.688309116562
1244,fornix system,fxs,1239.0,4.0,12343.0,2.12225,5815.9971728118735
1245,alveus,alv,1244.0,5.0,3619.0,0.6995625,5173.233270794247
1246,dorsal fornix,df,1244.0,5.0,5.0,0.018421875,271.4164546225615
1247,fimbria,fi,1244.0,5.0,7324.0,0.75725,9671.838890723013
1250,postcommissural fornix,fxpo,1244.0,5.0,404.0,0.1384375,2918.284424379233
1251,medial corticohypothalamic tract,mct,1250.0,6.0,24.0,0.00415625,5774.436090225564
1252,columns of the fornix,fx,1250.0,6.0,380.0,0.13428125,2829.8813125436354
1253,hippocampal commissures,hc,1244.0,5.0,991.0,0.508578125,1948.569848536053
1254,dorsal hippocampal commissure,dhc,1253.0,6.0,925.0,0.475953125,1943.4686976789997
1255,ventral hippocampal commissure,vhc,1253.0,6.0,66.0,0.032625,2022.9885057471265
1259,stria terminalis,st,1239.0,4.0,990.0,0.170984375,5790.002741478571
1260,commissural branch of stria terminalis,stc,1259.0,5.0,149.0,0.017703125,8416.593115622241
1261,hypothalamus related,mfsbshy,1238.0,3.0,1922.0,0.410609375,4680.847825259713
1262,medial forebrain bundle,mfb,1261.0,4.0,120.0,0.02484375,4830.188679245282
1265,supraoptic commissures,sup,1261.0,4.0,21.0,0.013171875,1594.306049822064
1277,mammillary related,mfbsma,1261.0,4.0,438.0,0.13096875,3344.3092340730136
1278,principal mammillary tract,pm,1277.0,5.0,69.0,0.016484375,4185.781990521327
1279,mammillothalamic tract,mtt,1277.0,5.0,146.0,0.0650625,2243.9961575408265
1280,mammillotegmental tract,mtg,1277.0,5.0,188.0,0.03340625,5627.689429373247
1281,mammillary peduncle,mp,1277.0,5.0,35.0,0.016015625,2185.3658536585367
1284,epithalamus related,mfbse,1261.0,4.0,1343.0,0.241625,5558.199689601655
1285,stria medullaris,sm,1284.0,5.0,985.0,0.134828125,7305.597404102446
1286,fasciculus retroflexus,fr,1284.0,5.0,95.0,0.083234375,1141.3553594893938
1287,habenular commissure,hbc,1284.0,5.0,263.0,0.0235625,11161.803713527852
1292,ventricular systems,VS,0.0,1.0,38373.0,2.95615625,12980.707633434466
1293,lateral ventricle,VL,1292.0,2.0,23739.0,1.846671875,12855.017895369205
1295,subependymal zone,SEZ,1293.0,3.0,243.0,0.067703125,3589.1991691668586
1296,choroid plexus,chpl,1293.0,3.0,13265.0,0.716796875,18505.940054495917
1299,third ventricle,V3,1292.0,2.0,4424.0,0.433359375,10208.617270596718
1300,cerebral aqueduct,AQ,1292.0,2.0,2855.0,0.19671875,14513.105639396346
1301,fourth ventricle,V4,1292.0,2.0,7355.0,0.479390625,15342.39431570027
1302,lateral recess,V4r,1301.0,3.0,3884.0,0.2315625,16773.009446693657
1303,"central canal, spinal cord/medulla",c,1292.0,2.0,0.0,1.5625e-05,0.0
